timeout_s,latencia_media_ms,repeticion,codigo,tiempo_ms
0.5,0,1,201,60.8
0.5,0,2,201,55.6
0.5,0,3,201,57.3
0.5,0,4,201,58.5
0.5,0,5,201,56.0
0.5,0,6,201,55.3
0.5,0,7,201,57.4
0.5,0,8,201,55.0
0.5,0,9,201,55.5
0.5,0,10,201,56.3
0.5,0,11,201,55.9
0.5,0,12,201,57.7
0.5,0,13,201,54.4
0.5,0,14,201,57.1
0.5,0,15,201,56.1
0.5,0,16,201,55.3
0.5,0,17,201,60.4
0.5,0,18,201,55.4
0.5,0,19,201,55.6
0.5,0,20,201,59.1
0.5,0,21,201,59.6
0.5,0,22,201,58.6
0.5,0,23,201,55.3
0.5,0,24,201,56.9
0.5,0,25,201,55.0
0.5,0,26,201,55.7
0.5,0,27,201,56.1
0.5,0,28,201,55.5
0.5,0,29,201,57.7
0.5,0,30,201,55.0
0.5,250,1,201,84.5
0.5,250,2,201,351.4
0.5,250,3,201,342.7
0.5,250,4,201,243.4
0.5,250,5,201,187.7
0.5,250,6,201,347.3
0.5,250,7,201,327.3
0.5,250,8,201,212.7
0.5,250,9,201,231.6
0.5,250,10,201,298.5
0.5,250,11,201,270.7
0.5,250,12,201,217.5
0.5,250,13,201,412.1
0.5,250,14,201,309.1
0.5,250,15,201,262.9
0.5,250,16,201,169.7
0.5,250,17,201,401.1
0.5,250,18,201,263.8
0.5,250,19,201,244.8
0.5,250,20,201,310.0
0.5,250,21,201,272.7
0.5,250,22,201,327.0
0.5,250,23,201,364.3
0.5,250,24,201,445.5
0.5,250,25,201,432.2
0.5,250,26,201,336.6
0.5,250,27,201,290.9
0.5,250,28,201,217.7
0.5,250,29,201,286.4
0.5,250,30,201,299.2
0.5,500,1,503,508.6
0.5,500,2,503,507.9
0.5,500,3,201,413.4
0.5,500,4,503,507.4
0.5,500,5,503,508.2
0.5,500,6,503,508.5
0.5,500,7,201,398.8
0.5,500,8,201,414.6
0.5,500,9,503,507.8
0.5,500,10,503,508.1
0.5,500,11,503,508.1
0.5,500,12,503,468.4
0.5,500,13,503,507.3
0.5,500,14,201,443.1
0.5,500,15,503,508.0
0.5,500,16,503,508.1
0.5,500,17,201,122.8
0.5,500,18,503,507.0
0.5,500,19,503,507.8
0.5,500,20,201,230.5
0.5,500,21,201,427.7
0.5,500,22,201,431.4
0.5,500,23,503,507.9
0.5,500,24,201,420.8
0.5,500,25,503,497.4
0.5,500,26,503,506.9
0.5,500,27,503,507.7
0.5,500,28,503,510.0
0.5,500,29,503,507.6
0.5,500,30,503,466.8
0.5,1000,1,503,508.7
0.5,1000,2,503,508.0
0.5,1000,3,503,507.7
0.5,1000,4,503,507.8
0.5,1000,5,503,508.3
0.5,1000,6,503,508.1
0.5,1000,7,201,387.4
0.5,1000,8,503,507.0
0.5,1000,9,503,508.5
0.5,1000,10,503,507.1
0.5,1000,11,503,508.9
0.5,1000,12,201,307.4
0.5,1000,13,503,507.9
0.5,1000,14,503,508.7
0.5,1000,15,503,507.1
0.5,1000,16,201,446.6
0.5,1000,17,503,507.7
0.5,1000,18,503,508.0
0.5,1000,19,503,507.9
0.5,1000,20,503,508.5
0.5,1000,21,503,508.0
0.5,1000,22,201,394.2
0.5,1000,23,503,507.5
0.5,1000,24,503,508.4
0.5,1000,25,503,508.5
0.5,1000,26,503,507.3
0.5,1000,27,503,507.6
0.5,1000,28,503,507.1
0.5,1000,29,503,507.9
0.5,1000,30,503,508.9
0.5,2000,1,503,509.5
0.5,2000,2,503,509.0
0.5,2000,3,503,508.5
0.5,2000,4,503,510.9
0.5,2000,5,503,510.7
0.5,2000,6,503,510.0
0.5,2000,7,503,507.6
0.5,2000,8,503,509.5
0.5,2000,9,503,507.4
0.5,2000,10,503,508.1
0.5,2000,11,503,508.2
0.5,2000,12,503,507.0
0.5,2000,13,503,557.1
0.5,2000,14,503,508.3
0.5,2000,15,503,508.1
0.5,2000,16,503,508.4
0.5,2000,17,503,508.0
0.5,2000,18,503,507.6
0.5,2000,19,503,508.7
0.5,2000,20,503,509.1
0.5,2000,21,503,508.5
0.5,2000,22,503,508.2
0.5,2000,23,503,507.9
0.5,2000,24,503,508.1
0.5,2000,25,503,507.0
0.5,2000,26,503,507.7
0.5,2000,27,503,508.5
0.5,2000,28,503,508.0
0.5,2000,29,503,507.3
0.5,2000,30,503,507.4
1,0,1,201,60.5
1,0,2,201,54.9
1,0,3,201,56.1
1,0,4,201,56.3
1,0,5,201,56.8
1,0,6,201,55.0
1,0,7,201,55.9
1,0,8,201,56.2
1,0,9,201,55.6
1,0,10,201,56.6
1,0,11,201,56.3
1,0,12,201,59.3
1,0,13,201,56.0
1,0,14,201,57.0
1,0,15,201,55.0
1,0,16,201,61.1
1,0,17,201,55.8
1,0,18,201,55.1
1,0,19,201,56.1
1,0,20,201,56.4
1,0,21,201,55.2
1,0,22,201,56.8
1,0,23,201,56.4
1,0,24,201,55.5
1,0,25,201,55.3
1,0,26,201,58.0
1,0,27,201,58.9
1,0,28,201,54.9
1,0,29,201,57.0
1,0,30,201,55.1
1,250,1,201,312.7
1,250,2,201,300.9
1,250,3,201,103.8
1,250,4,201,334.3
1,250,5,201,259.5
1,250,6,201,327.1
1,250,7,201,191.1
1,250,8,201,97.9
1,250,9,201,262.8
1,250,10,201,130.6
1,250,11,201,312.8
1,250,12,201,53.5
1,250,13,201,190.0
1,250,14,201,175.3
1,250,15,201,272.6
1,250,16,201,276.2
1,250,17,201,265.1
1,250,18,201,214.7
1,250,19,201,157.3
1,250,20,201,238.9
1,250,21,201,159.1
1,250,22,201,371.9
1,250,23,201,336.3
1,250,24,201,437.1
1,250,25,201,283.4
1,250,26,201,314.9
1,250,27,201,443.5
1,250,28,201,227.5
1,250,29,201,341.3
1,250,30,201,263.9
1,500,1,201,736.4
1,500,2,201,401.7
1,500,3,201,441.2
1,500,4,201,486.3
1,500,5,201,400.6
1,500,6,201,454.8
1,500,7,201,746.7
1,500,8,201,700.0
1,500,9,201,518.2
1,500,10,201,435.0
1,500,11,201,497.6
1,500,12,201,148.7
1,500,13,201,435.0
1,500,14,201,594.1
1,500,15,201,648.2
1,500,16,201,647.9
1,500,17,201,521.6
1,500,18,201,315.0
1,500,19,201,440.3
1,500,20,201,492.2
1,500,21,201,746.2
1,500,22,201,456.9
1,500,23,201,468.3
1,500,24,201,477.8
1,500,25,201,870.6
1,500,26,201,610.2
1,500,27,201,423.1
1,500,28,201,860.5
1,500,29,201,398.2
1,500,30,201,415.8
1,1000,1,201,600.9
1,1000,2,503,1009.2
1,1000,3,503,1007.8
1,1000,4,503,1008.2
1,1000,5,503,1007.9
1,1000,6,201,870.2
1,1000,7,201,816.6
1,1000,8,503,1008.2
1,1000,9,503,1009.2
1,1000,10,201,693.2
1,1000,11,503,1007.9
1,1000,12,201,911.1
1,1000,13,503,989.2
1,1000,14,503,1007.5
1,1000,15,201,768.2
1,1000,16,201,615.5
1,1000,17,503,1008.2
1,1000,18,503,1009.4
1,1000,19,201,728.7
1,1000,20,201,538.3
1,1000,21,201,655.7
1,1000,22,201,952.1
1,1000,23,503,1007.6
1,1000,24,503,1007.7
1,1000,25,503,1010.0
1,1000,26,201,741.9
1,1000,27,503,1008.8
1,1000,28,503,1001.6
1,1000,29,503,1007.6
1,1000,30,201,664.0
1,2000,1,503,1008.9
1,2000,2,503,1007.6
1,2000,3,503,1008.2
1,2000,4,503,1009.3
1,2000,5,503,1007.9
1,2000,6,503,1008.0
1,2000,7,503,1008.0
1,2000,8,503,1008.2
1,2000,9,503,1009.9
1,2000,10,503,1006.7
1,2000,11,503,1007.3
1,2000,12,503,1006.9
1,2000,13,503,1008.5
1,2000,14,503,1008.1
1,2000,15,503,1007.4
1,2000,16,503,1007.1
1,2000,17,503,1008.1
1,2000,18,503,1008.3
1,2000,19,503,1007.4
1,2000,20,503,1008.6
1,2000,21,503,1007.8
1,2000,22,503,1008.1
1,2000,23,503,1008.5
1,2000,24,503,1009.4
1,2000,25,503,1007.6
1,2000,26,503,1008.0
1,2000,27,503,1008.0
1,2000,28,503,1007.9
1,2000,29,503,1008.0
1,2000,30,503,1007.6
2,0,1,201,60.7
2,0,2,201,61.2
2,0,3,201,58.5
2,0,4,201,57.4
2,0,5,201,55.6
2,0,6,201,59.4
2,0,7,201,60.2
2,0,8,201,55.9
2,0,9,201,56.4
2,0,10,201,57.5
2,0,11,201,58.6
2,0,12,201,55.4
2,0,13,201,56.8
2,0,14,201,55.9
2,0,15,201,55.6
2,0,16,201,55.8
2,0,17,201,58.0
2,0,18,201,58.3
2,0,19,201,55.8
2,0,20,201,55.9
2,0,21,201,56.4
2,0,22,201,55.0
2,0,23,201,57.1
2,0,24,201,55.0
2,0,25,201,57.1
2,0,26,201,55.3
2,0,27,201,56.9
2,0,28,201,55.3
2,0,29,201,55.9
2,0,30,201,59.6
2,250,1,201,289.9
2,250,2,201,249.4
2,250,3,201,330.2
2,250,4,201,274.3
2,250,5,201,354.2
2,250,6,201,291.0
2,250,7,201,277.5
2,250,8,201,107.5
2,250,9,201,237.0
2,250,10,201,161.3
2,250,11,201,393.6
2,250,12,201,208.8
2,250,13,201,202.0
2,250,14,201,274.0
2,250,15,201,289.4
2,250,16,201,338.8
2,250,17,201,281.6
2,250,18,201,272.2
2,250,19,201,160.4
2,250,20,201,174.0
2,250,21,201,420.6
2,250,22,201,320.9
2,250,23,201,245.4
2,250,24,201,178.1
2,250,25,201,109.4
2,250,26,201,226.7
2,250,27,201,252.6
2,250,28,201,314.8
2,250,29,201,271.0
2,250,30,201,154.8
2,500,1,201,537.9
2,500,2,201,467.8
2,500,3,201,320.6
2,500,4,201,658.6
2,500,5,201,648.0
2,500,6,201,788.3
2,500,7,201,615.2
2,500,8,201,531.5
2,500,9,201,615.2
2,500,10,201,714.6
2,500,11,201,429.3
2,500,12,201,563.9
2,500,13,201,539.0
2,500,14,201,552.1
2,500,15,201,572.7
2,500,16,201,461.5
2,500,17,201,272.7
2,500,18,201,456.8
2,500,19,201,675.5
2,500,20,201,558.6
2,500,21,201,450.2
2,500,22,201,586.1
2,500,23,201,284.7
2,500,24,201,493.6
2,500,25,201,530.5
2,500,26,201,467.3
2,500,27,201,335.8
2,500,28,201,617.8
2,500,29,201,697.8
2,500,30,201,531.8
2,1000,1,201,1272.9
2,1000,2,201,744.4
2,1000,3,201,683.4
2,1000,4,201,1394.6
2,1000,5,201,1178.9
2,1000,6,201,1018.1
2,1000,7,201,912.2
2,1000,8,201,1006.5
2,1000,9,201,1301.4
2,1000,10,201,1003.8
2,1000,11,201,1135.3
2,1000,12,201,1182.2
2,1000,13,201,752.7
2,1000,14,201,1103.2
2,1000,15,201,1127.9
2,1000,16,201,928.1
2,1000,17,201,696.8
2,1000,18,201,939.8
2,1000,19,201,1123.4
2,1000,20,201,987.3
2,1000,21,201,960.1
2,1000,22,201,1302.7
2,1000,23,201,1018.3
2,1000,24,201,1258.6
2,1000,25,201,1141.7
2,1000,26,201,775.0
2,1000,27,201,1019.5
2,1000,28,201,1864.0
2,1000,29,201,1230.6
2,1000,30,201,1016.8
2,2000,1,503,2009.2
2,2000,2,503,2008.1
2,2000,3,503,2007.8
2,2000,4,201,1482.6
2,2000,5,503,2006.9
2,2000,6,201,1693.5
2,2000,7,503,2008.8
2,2000,8,503,2007.3
2,2000,9,201,1418.7
2,2000,10,503,2007.6
2,2000,11,201,486.3
2,2000,12,503,2008.4
2,2000,13,503,2008.1
2,2000,14,503,2009.3
2,2000,15,201,1820.5
2,2000,16,503,1972.1
2,2000,17,201,1362.5
2,2000,18,201,134.4
2,2000,19,201,1863.1
2,2000,20,201,1024.6
2,2000,21,503,2009.5
2,2000,22,201,1612.7
2,2000,23,503,2008.4
2,2000,24,201,1403.4
2,2000,25,503,2006.9
2,2000,26,503,2007.3
2,2000,27,201,1665.9
2,2000,28,201,1026.9
2,2000,29,201,1432.1
2,2000,30,201,1307.9
30,0,1,201,57.3
30,0,2,201,59.3
30,0,3,201,59.9
30,0,4,201,55.9
30,0,5,201,56.2
30,0,6,201,56.9
30,0,7,201,59.1
30,0,8,201,55.3
30,0,9,201,56.3
30,0,10,201,56.5
30,0,11,201,55.6
30,0,12,201,55.9
30,0,13,201,57.0
30,0,14,201,55.5
30,0,15,201,56.1
30,0,16,201,60.1
30,0,17,201,54.9
30,0,18,201,57.2
30,0,19,201,55.4
30,0,20,201,55.4
30,0,21,201,56.2
30,0,22,201,56.0
30,0,23,201,58.4
30,0,24,201,59.2
30,0,25,201,58.6
30,0,26,201,58.0
30,0,27,201,58.6
30,0,28,201,56.5
30,0,29,201,58.9
30,0,30,201,56.5
30,250,1,201,325.0
30,250,2,201,327.8
30,250,3,201,145.5
30,250,4,201,281.3
30,250,5,201,272.2
30,250,6,201,280.1
30,250,7,201,256.7
30,250,8,201,284.0
30,250,9,201,249.7
30,250,10,201,262.6
30,250,11,201,281.3
30,250,12,201,277.0
30,250,13,201,326.1
30,250,14,201,306.7
30,250,15,201,425.3
30,250,16,201,471.3
30,250,17,201,452.0
30,250,18,201,367.4
30,250,19,201,235.7
30,250,20,201,235.4
30,250,21,201,299.1
30,250,22,201,301.3
30,250,23,201,273.1
30,250,24,201,327.3
30,250,25,201,340.2
30,250,26,201,318.8
30,250,27,201,238.7
30,250,28,201,277.9
30,250,29,201,275.9
30,250,30,201,306.7
30,500,1,201,511.7
30,500,2,201,279.8
30,500,3,201,596.0
30,500,4,201,369.4
30,500,5,201,441.6
30,500,6,201,400.2
30,500,7,201,659.8
30,500,8,201,587.4
30,500,9,201,689.1
30,500,10,201,598.1
30,500,11,201,173.8
30,500,12,201,652.2
30,500,13,201,491.7
30,500,14,201,490.9
30,500,15,201,391.0
30,500,16,201,709.1
30,500,17,201,567.1
30,500,18,201,732.6
30,500,19,201,532.0
30,500,20,201,599.7
30,500,21,201,435.4
30,500,22,201,801.9
30,500,23,201,702.3
30,500,24,201,524.3
30,500,25,201,643.0
30,500,26,201,688.5
30,500,27,201,545.1
30,500,28,201,745.6
30,500,29,201,585.1
30,500,30,201,606.6
30,1000,1,201,722.1
30,1000,2,201,1233.9
30,1000,3,201,898.0
30,1000,4,201,170.9
30,1000,5,201,780.4
30,1000,6,201,1214.5
30,1000,7,201,1707.2
30,1000,8,201,1060.8
30,1000,9,201,1247.7
30,1000,10,201,741.2
30,1000,11,201,1252.4
30,1000,12,201,998.8
30,1000,13,201,863.8
30,1000,14,201,870.3
30,1000,15,201,810.1
30,1000,16,201,471.1
30,1000,17,201,1008.9
30,1000,18,201,921.0
30,1000,19,201,1021.3
30,1000,20,201,1187.3
30,1000,21,201,734.5
30,1000,22,201,1371.5
30,1000,23,201,1190.4
30,1000,24,201,914.2
30,1000,25,201,907.5
30,1000,26,201,638.5
30,1000,27,201,686.8
30,1000,28,201,1318.7
30,1000,29,201,944.5
30,1000,30,201,598.1
30,2000,1,201,2408.5
30,2000,2,201,2020.2
30,2000,3,201,2307.5
30,2000,4,201,1899.9
30,2000,5,201,1447.0
30,2000,6,201,1442.1
30,2000,7,201,2908.1
30,2000,8,201,2006.9
30,2000,9,201,1560.8
30,2000,10,201,3008.3
30,2000,11,201,1843.4
30,2000,12,201,1726.6
30,2000,13,201,2030.0
30,2000,14,201,1437.0
30,2000,15,201,1114.4
30,2000,16,201,3235.9
30,2000,17,201,2603.7
30,2000,18,201,2584.6
30,2000,19,201,2562.9
30,2000,20,201,2441.7
30,2000,21,201,2364.9
30,2000,22,201,2422.6
30,2000,23,201,2268.0
30,2000,24,201,2126.0
30,2000,25,201,1628.8
30,2000,26,201,1376.2
30,2000,27,201,1523.2
30,2000,28,201,2881.3
30,2000,29,201,1627.2
30,2000,30,201,1817.4
